{"cameraMode":{"drawMode":0,"name":"Shaded","section":"Shading Mode"},"sceneLighting":true,"audioPlay":false,"sceneViewState":{"m_AlwaysRefresh":false,"showFog":true,"showSkybox":true,"showFlares":true,"showImageEffects":true,"showParticleSystems":true,"showVisualEffectGraphs":true,"m_FxEnabled":true},"in2DMode":false,"pivot":{"x":-5.297370433807373,"y":2.8017120361328127,"z":0.12444673478603363},"rotation":{"x":0.007202222477644682,"y":-0.009602652862668038,"z":1.7194778934026545e-7,"w":1.0000536441802979},"size":4.8279266357421879,"orthographic":true}